fd,family,type,laddr,raddr,status,pid
-1,AddressFamily.AF_INET6,SocketKind.SOCK_DGRAM,"addr(ip='::', port=123)",(),NONE,3192
-1,AddressFamily.AF_INET,SocketKind.SOCK_DGRAM,"addr(ip='0.0.0.0', port=5050)",(),NONE,8044
-1,AddressFamily.AF_INET6,SocketKind.SOCK_STREAM,"addr(ip='::1', port=1521)","addr(ip='::1', port=50616)",ESTABLISHED,7148
-1,AddressFamily.AF_INET,SocketKind.SOCK_DGRAM,"addr(ip='172.25.144.1', port=1900)",(),NONE,10688
-1,AddressFamily.AF_INET,SocketKind.SOCK_STREAM,"addr(ip='10.72.128.10', port=58762)","addr(ip='34.123.33.186', port=443)",ESTABLISHED,50372
-1,AddressFamily.AF_INET6,SocketKind.SOCK_STREAM,"addr(ip='::', port=2107)",(),LISTEN,6620
-1,AddressFamily.AF_INET,SocketKind.SOCK_DGRAM,"addr(ip='10.72.128.10', port=5353)",(),NONE,6692
-1,AddressFamily.AF_INET,SocketKind.SOCK_STREAM,"addr(ip='192.168.189.1', port=139)",(),LISTEN,4
-1,AddressFamily.AF_INET,SocketKind.SOCK_STREAM,"addr(ip='0.0.0.0', port=2107)",(),LISTEN,6620
-1,AddressFamily.AF_INET,SocketKind.SOCK_STREAM,"addr(ip='127.0.0.1', port=55382)",(),LISTEN,20996
-1,AddressFamily.AF_INET,SocketKind.SOCK_DGRAM,"addr(ip='127.0.0.1', port=1900)",(),NONE,10688
-1,AddressFamily.AF_INET6,SocketKind.SOCK_DGRAM,"addr(ip='fe80::c364:78b7:16cc:cbb8', port=64385)",(),NONE,10688
-1,AddressFamily.AF_INET,SocketKind.SOCK_STREAM,"addr(ip='127.0.0.1', port=56782)","addr(ip='127.0.0.1', port=56781)",ESTABLISHED,21932
-1,AddressFamily.AF_INET,SocketKind.SOCK_DGRAM,"addr(ip='169.254.75.101', port=1900)",(),NONE,10688
-1,AddressFamily.AF_INET,SocketKind.SOCK_STREAM,"addr(ip='127.0.0.1', port=56788)","addr(ip='127.0.0.1', port=9004)",ESTABLISHED,46256
-1,AddressFamily.AF_INET6,SocketKind.SOCK_STREAM,"addr(ip='::', port=7680)",(),LISTEN,16320
-1,AddressFamily.AF_INET,SocketKind.SOCK_DGRAM,"addr(ip='192.168.199.1', port=5353)",(),NONE,6108
-1,AddressFamily.AF_INET,SocketKind.SOCK_STREAM,"addr(ip='127.0.0.1', port=56784)","addr(ip='127.0.0.1', port=56783)",ESTABLISHED,21932
-1,AddressFamily.AF_INET6,SocketKind.SOCK_STREAM,"addr(ip='::', port=9012)",(),LISTEN,71392
-1,AddressFamily.AF_INET,SocketKind.SOCK_STREAM,"addr(ip='169.254.75.101', port=2031)",(),LISTEN,7440
-1,AddressFamily.AF_INET6,SocketKind.SOCK_STREAM,"addr(ip='::', port=1521)",(),LISTEN,7148
-1,AddressFamily.AF_INET,SocketKind.SOCK_DGRAM,"addr(ip='0.0.0.0', port=56785)",(),NONE,12236
-1,AddressFamily.AF_INET,SocketKind.SOCK_DGRAM,"addr(ip='169.254.75.101', port=64392)",(),NONE,10688
-1,AddressFamily.AF_INET,SocketKind.SOCK_STREAM,"addr(ip='127.0.0.1', port=25734)","addr(ip='127.0.0.1', port=58118)",ESTABLISHED,8824
-1,AddressFamily.AF_INET,SocketKind.SOCK_STREAM,"addr(ip='10.72.128.10', port=59007)","addr(ip='212.217.64.34', port=443)",TIME_WAIT,0
-1,AddressFamily.AF_INET,SocketKind.SOCK_DGRAM,"addr(ip='0.0.0.0', port=61567)",(),NONE,11268
-1,AddressFamily.AF_INET,SocketKind.SOCK_STREAM,"addr(ip='127.0.0.1', port=56789)","addr(ip='127.0.0.1', port=9002)",ESTABLISHED,46256
-1,AddressFamily.AF_INET,SocketKind.SOCK_DGRAM,"addr(ip='127.0.0.1', port=64195)",(),NONE,54844
-1,AddressFamily.AF_INET,SocketKind.SOCK_STREAM,"addr(ip='127.0.0.1', port=56785)",(),LISTEN,21932
-1,AddressFamily.AF_INET,SocketKind.SOCK_STREAM,"addr(ip='0.0.0.0', port=49666)",(),LISTEN,1816
-1,AddressFamily.AF_INET6,SocketKind.SOCK_DGRAM,"addr(ip='::1', port=1900)",(),NONE,10688
-1,AddressFamily.AF_INET,SocketKind.SOCK_STREAM,"addr(ip='127.0.0.1', port=55668)","addr(ip='127.0.0.1', port=55669)",ESTABLISHED,19520
-1,AddressFamily.AF_INET6,SocketKind.SOCK_STREAM,"addr(ip='::', port=5357)",(),LISTEN,4
-1,AddressFamily.AF_INET,SocketKind.SOCK_STREAM,"addr(ip='0.0.0.0', port=3307)",(),LISTEN,32848
-1,AddressFamily.AF_INET,SocketKind.SOCK_STREAM,"addr(ip='10.72.128.10', port=58983)","addr(ip='142.250.179.74', port=443)",TIME_WAIT,0
-1,AddressFamily.AF_INET,SocketKind.SOCK_DGRAM,"addr(ip='172.25.144.1', port=5353)",(),NONE,6108
-1,AddressFamily.AF_INET,SocketKind.SOCK_STREAM,"addr(ip='127.0.0.1', port=9001)",(),LISTEN,21932
-1,AddressFamily.AF_INET6,SocketKind.SOCK_DGRAM,"addr(ip='::1', port=5353)",(),NONE,6108
-1,AddressFamily.AF_INET,SocketKind.SOCK_STREAM,"addr(ip='127.0.0.1', port=56791)","addr(ip='127.0.0.1', port=9003)",ESTABLISHED,46256
-1,AddressFamily.AF_INET6,SocketKind.SOCK_DGRAM,"addr(ip='fe80::d181:f307:cb71:bf47', port=64387)",(),NONE,10688
-1,AddressFamily.AF_INET,SocketKind.SOCK_STREAM,"addr(ip='127.0.0.1', port=55669)","addr(ip='127.0.0.1', port=55668)",ESTABLISHED,19520
-1,AddressFamily.AF_INET,SocketKind.SOCK_STREAM,"addr(ip='127.0.0.1', port=9001)","addr(ip='127.0.0.1', port=56790)",ESTABLISHED,21932
-1,AddressFamily.AF_INET,SocketKind.SOCK_STREAM,"addr(ip='10.72.128.10', port=58996)","addr(ip='34.123.33.186', port=443)",ESTABLISHED,50372
-1,AddressFamily.AF_INET,SocketKind.SOCK_STREAM,"addr(ip='0.0.0.0', port=58110)",(),LISTEN,40860
-1,AddressFamily.AF_INET,SocketKind.SOCK_STREAM,"addr(ip='192.168.199.1', port=2031)",(),LISTEN,7440
-1,AddressFamily.AF_INET,SocketKind.SOCK_STREAM,"addr(ip='127.0.0.1', port=9004)","addr(ip='127.0.0.1', port=56788)",ESTABLISHED,21932
-1,AddressFamily.AF_INET6,SocketKind.SOCK_STREAM,"addr(ip='::', port=49732)",(),LISTEN,1180
-1,AddressFamily.AF_INET,SocketKind.SOCK_DGRAM,"addr(ip='10.72.128.10', port=138)",(),NONE,4
-1,AddressFamily.AF_INET,SocketKind.SOCK_DGRAM,"addr(ip='0.0.0.0', port=5353)",(),NONE,2424
-1,AddressFamily.AF_INET6,SocketKind.SOCK_DGRAM,"addr(ip='fe80::b31b:e46d:18a2:8324', port=2177)",(),NONE,13816
-1,AddressFamily.AF_INET6,SocketKind.SOCK_STREAM,"addr(ip='::', port=25734)",(),LISTEN,8824
-1,AddressFamily.AF_INET6,SocketKind.SOCK_STREAM,"addr(ip='::', port=80)",(),LISTEN,33376
-1,AddressFamily.AF_INET,SocketKind.SOCK_DGRAM,"addr(ip='0.0.0.0', port=63961)",(),NONE,6692
-1,AddressFamily.AF_INET6,SocketKind.SOCK_DGRAM,"addr(ip='fe80::c84c:6a13:aa82:9d19', port=64389)",(),NONE,10688
-1,AddressFamily.AF_INET,SocketKind.SOCK_STREAM,"addr(ip='127.0.0.1', port=4410)",(),LISTEN,6012
-1,AddressFamily.AF_INET,SocketKind.SOCK_STREAM,"addr(ip='127.0.0.1', port=65001)","addr(ip='127.0.0.1', port=58099)",ESTABLISHED,6692
-1,AddressFamily.AF_INET,SocketKind.SOCK_STREAM,"addr(ip='10.72.128.10', port=58638)","addr(ip='40.101.92.178', port=443)",ESTABLISHED,30064
-1,AddressFamily.AF_INET,SocketKind.SOCK_DGRAM,"addr(ip='10.72.128.10', port=64393)",(),NONE,10688
-1,AddressFamily.AF_INET,SocketKind.SOCK_STREAM,"addr(ip='0.0.0.0', port=5500)",(),LISTEN,7148
-1,AddressFamily.AF_INET,SocketKind.SOCK_DGRAM,"addr(ip='0.0.0.0', port=49274)",(),NONE,3488
-1,AddressFamily.AF_INET,SocketKind.SOCK_STREAM,"addr(ip='127.0.0.1', port=9003)",(),LISTEN,21932
-1,AddressFamily.AF_INET,SocketKind.SOCK_STREAM,"addr(ip='0.0.0.0', port=1521)",(),LISTEN,7148
-1,AddressFamily.AF_INET,SocketKind.SOCK_DGRAM,"addr(ip='172.25.144.1', port=137)",(),NONE,4
-1,AddressFamily.AF_INET,SocketKind.SOCK_STREAM,"addr(ip='127.0.0.1', port=13030)",(),LISTEN,6848
-1,AddressFamily.AF_INET,SocketKind.SOCK_STREAM,"addr(ip='0.0.0.0', port=20008)",(),LISTEN,12236
-1,AddressFamily.AF_INET,SocketKind.SOCK_STREAM,"addr(ip='127.0.0.1', port=55677)",(),LISTEN,46256
-1,AddressFamily.AF_INET,SocketKind.SOCK_STREAM,"addr(ip='127.0.0.1', port=1123)",(),LISTEN,50372
-1,AddressFamily.AF_INET,SocketKind.SOCK_STREAM,"addr(ip='127.0.0.1', port=1043)","addr(ip='127.0.0.1', port=55485)",ESTABLISHED,50452
-1,AddressFamily.AF_INET,SocketKind.SOCK_STREAM,"addr(ip='0.0.0.0', port=1801)",(),LISTEN,6620
-1,AddressFamily.AF_INET,SocketKind.SOCK_DGRAM,"addr(ip='0.0.0.0', port=123)",(),NONE,3192
-1,AddressFamily.AF_INET,SocketKind.SOCK_STREAM,"addr(ip='127.0.0.1', port=9002)","addr(ip='127.0.0.1', port=56789)",ESTABLISHED,21932
-1,AddressFamily.AF_INET,SocketKind.SOCK_STREAM,"addr(ip='127.0.0.1', port=58118)","addr(ip='127.0.0.1', port=25734)",ESTABLISHED,40860
-1,AddressFamily.AF_INET,SocketKind.SOCK_DGRAM,"addr(ip='127.0.0.1', port=49879)",(),NONE,12236
-1,AddressFamily.AF_INET,SocketKind.SOCK_STREAM,"addr(ip='10.72.128.10', port=139)",(),LISTEN,4
-1,AddressFamily.AF_INET6,SocketKind.SOCK_DGRAM,"addr(ip='::1', port=62872)",(),NONE,11300
-1,AddressFamily.AF_INET6,SocketKind.SOCK_STREAM,"addr(ip='fe80::d181:f307:cb71:bf47', port=2031)",(),LISTEN,7440
-1,AddressFamily.AF_INET,SocketKind.SOCK_STREAM,"addr(ip='0.0.0.0', port=3306)",(),LISTEN,33816
-1,AddressFamily.AF_INET,SocketKind.SOCK_STREAM,"addr(ip='10.72.128.10', port=58735)","addr(ip='157.240.212.61', port=443)",ESTABLISHED,42964
-1,AddressFamily.AF_INET,SocketKind.SOCK_DGRAM,"addr(ip='192.168.199.1', port=5353)",(),NONE,19520
-1,AddressFamily.AF_INET,SocketKind.SOCK_DGRAM,"addr(ip='169.254.75.101', port=5353)",(),NONE,19520
-1,AddressFamily.AF_INET,SocketKind.SOCK_STREAM,"addr(ip='0.0.0.0', port=49665)",(),LISTEN,1028
-1,AddressFamily.AF_INET,SocketKind.SOCK_STREAM,"addr(ip='127.0.0.1', port=1042)","addr(ip='127.0.0.1', port=55492)",ESTABLISHED,50452
-1,AddressFamily.AF_INET,SocketKind.SOCK_STREAM,"addr(ip='127.0.0.1', port=55641)","addr(ip='127.0.0.1', port=49674)",ESTABLISHED,30928
-1,AddressFamily.AF_INET6,SocketKind.SOCK_STREAM,"addr(ip='::', port=49665)",(),LISTEN,1028
-1,AddressFamily.AF_INET,SocketKind.SOCK_STREAM,"addr(ip='0.0.0.0', port=49673)",(),LISTEN,6620
-1,AddressFamily.AF_INET,SocketKind.SOCK_STREAM,"addr(ip='127.0.0.1', port=56793)","addr(ip='127.0.0.1', port=56792)",ESTABLISHED,21932
-1,AddressFamily.AF_INET6,SocketKind.SOCK_STREAM,"addr(ip='::', port=58110)",(),LISTEN,40860
-1,AddressFamily.AF_INET,SocketKind.SOCK_DGRAM,"addr(ip='127.0.0.1', port=5353)",(),NONE,19520
-1,AddressFamily.AF_INET,SocketKind.SOCK_DGRAM,"addr(ip='172.25.144.1', port=5353)",(),NONE,19520
-1,AddressFamily.AF_INET,SocketKind.SOCK_STREAM,"addr(ip='169.254.75.101', port=139)",(),LISTEN,4
-1,AddressFamily.AF_INET,SocketKind.SOCK_STREAM,"addr(ip='0.0.0.0', port=49664)",(),LISTEN,1216
-1,AddressFamily.AF_INET6,SocketKind.SOCK_STREAM,"addr(ip='::', port=4840)",(),LISTEN,7344
-1,AddressFamily.AF_INET,SocketKind.SOCK_STREAM,"addr(ip='10.72.176.197', port=2031)",(),LISTEN,7440
-1,AddressFamily.AF_INET,SocketKind.SOCK_STREAM,"addr(ip='0.0.0.0', port=49732)",(),LISTEN,1180
-1,AddressFamily.AF_INET,SocketKind.SOCK_STREAM,"addr(ip='127.0.0.1', port=56781)","addr(ip='127.0.0.1', port=56782)",ESTABLISHED,21932
-1,AddressFamily.AF_INET,SocketKind.SOCK_DGRAM,"addr(ip='172.25.144.1', port=2177)",(),NONE,13816
-1,AddressFamily.AF_INET,SocketKind.SOCK_STREAM,"addr(ip='0.0.0.0', port=912)",(),LISTEN,6748
-1,AddressFamily.AF_INET,SocketKind.SOCK_STREAM,"addr(ip='127.0.0.1', port=56780)","addr(ip='127.0.0.1', port=9002)",ESTABLISHED,21932
-1,AddressFamily.AF_INET,SocketKind.SOCK_DGRAM,"addr(ip='0.0.0.0', port=3702)",(),NONE,11268
-1,AddressFamily.AF_INET6,SocketKind.SOCK_STREAM,"addr(ip='::1', port=49671)",(),LISTEN,6532
-1,AddressFamily.AF_INET6,SocketKind.SOCK_STREAM,"addr(ip='::', port=9099)",(),LISTEN,9424
-1,AddressFamily.AF_INET,SocketKind.SOCK_DGRAM,"addr(ip='0.0.0.0', port=1434)",(),NONE,7040
-1,AddressFamily.AF_INET,SocketKind.SOCK_STREAM,"addr(ip='172.25.144.1', port=139)",(),LISTEN,4
-1,AddressFamily.AF_INET,SocketKind.SOCK_DGRAM,"addr(ip='192.168.199.1', port=1900)",(),NONE,10688
-1,AddressFamily.AF_INET,SocketKind.SOCK_STREAM,"addr(ip='127.0.0.1', port=49153)","addr(ip='127.0.0.1', port=58867)",ESTABLISHED,71812
-1,AddressFamily.AF_INET,SocketKind.SOCK_STREAM,"addr(ip='127.0.0.1', port=20009)",(),LISTEN,8112
-1,AddressFamily.AF_INET6,SocketKind.SOCK_STREAM,"addr(ip='::', port=5500)",(),LISTEN,7148
-1,AddressFamily.AF_INET,SocketKind.SOCK_STREAM,"addr(ip='127.0.0.1', port=56617)",(),LISTEN,46256
-1,AddressFamily.AF_INET6,SocketKind.SOCK_STREAM,"addr(ip='::', port=1043)",(),LISTEN,50452
-1,AddressFamily.AF_INET,SocketKind.SOCK_STREAM,"addr(ip='192.168.189.1', port=2031)",(),LISTEN,7440
-1,AddressFamily.AF_INET,SocketKind.SOCK_DGRAM,"addr(ip='192.168.199.1', port=5353)",(),NONE,6692
-1,AddressFamily.AF_INET,SocketKind.SOCK_DGRAM,"addr(ip='192.168.189.1', port=64390)",(),NONE,10688
-1,AddressFamily.AF_INET,SocketKind.SOCK_STREAM,"addr(ip='0.0.0.0', port=2105)",(),LISTEN,6620
-1,AddressFamily.AF_INET,SocketKind.SOCK_STREAM,"addr(ip='127.0.0.1', port=49863)",(),LISTEN,10912
-1,AddressFamily.AF_INET,SocketKind.SOCK_DGRAM,"addr(ip='169.254.75.101', port=5353)",(),NONE,6692
-1,AddressFamily.AF_INET,SocketKind.SOCK_STREAM,"addr(ip='10.72.128.10', port=59006)","addr(ip='212.217.4.34', port=443)",TIME_WAIT,0
-1,AddressFamily.AF_INET,SocketKind.SOCK_STREAM,"addr(ip='127.0.0.1', port=9000)",(),LISTEN,21932
-1,AddressFamily.AF_INET,SocketKind.SOCK_STREAM,"addr(ip='0.0.0.0', port=1042)",(),LISTEN,50452
-1,AddressFamily.AF_INET,SocketKind.SOCK_DGRAM,"addr(ip='192.168.189.1', port=5353)",(),NONE,6108
-1,AddressFamily.AF_INET,SocketKind.SOCK_DGRAM,"addr(ip='0.0.0.0', port=53)",(),NONE,3488
-1,AddressFamily.AF_INET,SocketKind.SOCK_DGRAM,"addr(ip='192.168.199.1', port=2177)",(),NONE,13816
-1,AddressFamily.AF_INET,SocketKind.SOCK_STREAM,"addr(ip='127.0.0.1', port=58867)","addr(ip='127.0.0.1', port=49153)",ESTABLISHED,50372
-1,AddressFamily.AF_INET,SocketKind.SOCK_DGRAM,"addr(ip='0.0.0.0', port=49275)",(),NONE,3488
-1,AddressFamily.AF_INET,SocketKind.SOCK_STREAM,"addr(ip='127.0.0.1', port=58870)","addr(ip='127.0.0.1', port=49153)",ESTABLISHED,50372
-1,AddressFamily.AF_INET6,SocketKind.SOCK_DGRAM,"addr(ip='::', port=5353)",(),NONE,58832
-1,AddressFamily.AF_INET6,SocketKind.SOCK_DGRAM,"addr(ip='fe80::b31b:e46d:18a2:8324', port=1900)",(),NONE,10688
-1,AddressFamily.AF_INET,SocketKind.SOCK_STREAM,"addr(ip='127.0.0.1', port=56790)","addr(ip='127.0.0.1', port=9001)",ESTABLISHED,46256
-1,AddressFamily.AF_INET6,SocketKind.SOCK_STREAM,"addr(ip='::1', port=50616)","addr(ip='::1', port=1521)",ESTABLISHED,10912
-1,AddressFamily.AF_INET,SocketKind.SOCK_DGRAM,"addr(ip='172.25.144.1', port=138)",(),NONE,4
-1,AddressFamily.AF_INET,SocketKind.SOCK_DGRAM,"addr(ip='172.25.144.1', port=5353)",(),NONE,6692
-1,AddressFamily.AF_INET,SocketKind.SOCK_STREAM,"addr(ip='127.0.0.1', port=58116)","addr(ip='127.0.0.1', port=58115)",ESTABLISHED,40860
-1,AddressFamily.AF_INET6,SocketKind.SOCK_DGRAM,"addr(ip='::1', port=5353)",(),NONE,6692
-1,AddressFamily.AF_INET,SocketKind.SOCK_STREAM,"addr(ip='127.0.0.1', port=9002)","addr(ip='127.0.0.1', port=56780)",ESTABLISHED,21932
-1,AddressFamily.AF_INET,SocketKind.SOCK_DGRAM,"addr(ip='192.168.189.1', port=2177)",(),NONE,13816
-1,AddressFamily.AF_INET6,SocketKind.SOCK_DGRAM,"addr(ip='::', port=61568)",(),NONE,11268
-1,AddressFamily.AF_INET,SocketKind.SOCK_STREAM,"addr(ip='127.0.0.1', port=55486)",(),LISTEN,4156
-1,AddressFamily.AF_INET,SocketKind.SOCK_STREAM,"addr(ip='0.0.0.0', port=49860)",(),LISTEN,10912
-1,AddressFamily.AF_INET6,SocketKind.SOCK_STREAM,"addr(ip='::', port=2103)",(),LISTEN,6620
-1,AddressFamily.AF_INET,SocketKind.SOCK_DGRAM,"addr(ip='192.168.189.1', port=138)",(),NONE,4
-1,AddressFamily.AF_INET6,SocketKind.SOCK_DGRAM,"addr(ip='::', port=5353)",(),NONE,2424
-1,AddressFamily.AF_INET,SocketKind.SOCK_STREAM,"addr(ip='127.0.0.1', port=49864)",(),LISTEN,10912
-1,AddressFamily.AF_INET,SocketKind.SOCK_DGRAM,"addr(ip='10.72.128.10', port=2177)",(),NONE,13816
-1,AddressFamily.AF_INET,SocketKind.SOCK_STREAM,"addr(ip='0.0.0.0', port=5040)",(),LISTEN,8044
-1,AddressFamily.AF_INET,SocketKind.SOCK_STREAM,"addr(ip='0.0.0.0', port=7680)",(),LISTEN,16320
-1,AddressFamily.AF_INET,SocketKind.SOCK_STREAM,"addr(ip='127.0.0.1', port=49153)","addr(ip='127.0.0.1', port=58870)",ESTABLISHED,71812
-1,AddressFamily.AF_INET6,SocketKind.SOCK_STREAM,"addr(ip='::', port=8733)",(),LISTEN,4
-1,AddressFamily.AF_INET,SocketKind.SOCK_STREAM,"addr(ip='127.0.0.1', port=1001)",(),LISTEN,4
-1,AddressFamily.AF_INET,SocketKind.SOCK_STREAM,"addr(ip='10.72.128.10', port=58825)","addr(ip='10.72.102.184', port=7680)",ESTABLISHED,16320
-1,AddressFamily.AF_INET,SocketKind.SOCK_STREAM,"addr(ip='10.72.128.10', port=58908)","addr(ip='34.123.33.186', port=443)",ESTABLISHED,50372
-1,AddressFamily.AF_INET,SocketKind.SOCK_STREAM,"addr(ip='127.0.0.1', port=1883)",(),LISTEN,7016
-1,AddressFamily.AF_INET6,SocketKind.SOCK_DGRAM,"addr(ip='fe80::b31b:e46d:18a2:8324', port=64386)",(),NONE,10688
-1,AddressFamily.AF_INET,SocketKind.SOCK_STREAM,"addr(ip='127.0.0.1', port=49862)",(),LISTEN,10912
-1,AddressFamily.AF_INET6,SocketKind.SOCK_STREAM,"addr(ip='::', port=49668)",(),LISTEN,5740
-1,AddressFamily.AF_INET,SocketKind.SOCK_STREAM,"addr(ip='127.0.0.1', port=65001)",(),LISTEN,6692
-1,AddressFamily.AF_INET6,SocketKind.SOCK_STREAM,"addr(ip='::', port=49664)",(),LISTEN,1216
-1,AddressFamily.AF_INET,SocketKind.SOCK_STREAM,"addr(ip='127.0.0.1', port=58099)","addr(ip='127.0.0.1', port=65001)",ESTABLISHED,6692
-1,AddressFamily.AF_INET,SocketKind.SOCK_STREAM,"addr(ip='0.0.0.0', port=49668)",(),LISTEN,5740
-1,AddressFamily.AF_INET6,SocketKind.SOCK_STREAM,"addr(ip='::', port=445)",(),LISTEN,4
-1,AddressFamily.AF_INET,SocketKind.SOCK_DGRAM,"addr(ip='10.72.128.10', port=137)",(),NONE,4
-1,AddressFamily.AF_INET,SocketKind.SOCK_DGRAM,"addr(ip='10.72.128.10', port=5353)",(),NONE,6108
-1,AddressFamily.AF_INET,SocketKind.SOCK_DGRAM,"addr(ip='192.168.199.1', port=64391)",(),NONE,10688
-1,AddressFamily.AF_INET,SocketKind.SOCK_STREAM,"addr(ip='0.0.0.0', port=8733)",(),LISTEN,4
-1,AddressFamily.AF_INET,SocketKind.SOCK_STREAM,"addr(ip='10.72.128.10', port=58999)","addr(ip='172.217.20.206', port=443)",ESTABLISHED,51244
-1,AddressFamily.AF_INET6,SocketKind.SOCK_STREAM,"addr(ip='fe80::b31b:e46d:18a2:8324', port=2031)",(),LISTEN,7440
-1,AddressFamily.AF_INET,SocketKind.SOCK_DGRAM,"addr(ip='169.254.75.101', port=2177)",(),NONE,13816
-1,AddressFamily.AF_INET6,SocketKind.SOCK_STREAM,"addr(ip='::', port=49860)",(),LISTEN,10912
-1,AddressFamily.AF_INET6,SocketKind.SOCK_STREAM,"addr(ip='::', port=5432)",(),LISTEN,11300
-1,AddressFamily.AF_INET,SocketKind.SOCK_STREAM,"addr(ip='127.0.0.1', port=9003)","addr(ip='127.0.0.1', port=56791)",ESTABLISHED,21932
-1,AddressFamily.AF_INET,SocketKind.SOCK_STREAM,"addr(ip='127.0.0.1', port=56628)","addr(ip='127.0.0.1', port=56627)",ESTABLISHED,39284
-1,AddressFamily.AF_INET,SocketKind.SOCK_DGRAM,"addr(ip='192.168.189.1', port=5353)",(),NONE,19520
-1,AddressFamily.AF_INET,SocketKind.SOCK_STREAM,"addr(ip='127.0.0.1', port=49153)",(),LISTEN,71812
-1,AddressFamily.AF_INET,SocketKind.SOCK_STREAM,"addr(ip='0.0.0.0', port=5357)",(),LISTEN,4
-1,AddressFamily.AF_INET6,SocketKind.SOCK_STREAM,"addr(ip='::', port=1801)",(),LISTEN,6620
-1,AddressFamily.AF_INET6,SocketKind.SOCK_STREAM,"addr(ip='::', port=49667)",(),LISTEN,2464
-1,AddressFamily.AF_INET6,SocketKind.SOCK_STREAM,"addr(ip='::', port=3306)",(),LISTEN,33816
-1,AddressFamily.AF_INET,SocketKind.SOCK_STREAM,"addr(ip='0.0.0.0', port=135)",(),LISTEN,1480
-1,AddressFamily.AF_INET,SocketKind.SOCK_DGRAM,"addr(ip='192.168.189.1', port=137)",(),NONE,4
-1,AddressFamily.AF_INET,SocketKind.SOCK_STREAM,"addr(ip='0.0.0.0', port=49667)",(),LISTEN,2464
-1,AddressFamily.AF_INET,SocketKind.SOCK_STREAM,"addr(ip='127.0.0.1', port=9004)",(),LISTEN,21932
-1,AddressFamily.AF_INET6,SocketKind.SOCK_DGRAM,"addr(ip='::', port=5355)",(),NONE,2424
-1,AddressFamily.AF_INET6,SocketKind.SOCK_STREAM,"addr(ip='::', port=49673)",(),LISTEN,6620
-1,AddressFamily.AF_INET,SocketKind.SOCK_DGRAM,"addr(ip='0.0.0.0', port=5353)",(),NONE,19520
-1,AddressFamily.AF_INET,SocketKind.SOCK_STREAM,"addr(ip='10.72.128.10', port=58044)","addr(ip='34.123.33.186', port=443)",ESTABLISHED,50372
-1,AddressFamily.AF_INET,SocketKind.SOCK_STREAM,"addr(ip='0.0.0.0', port=445)",(),LISTEN,4
-1,AddressFamily.AF_INET,SocketKind.SOCK_STREAM,"addr(ip='0.0.0.0', port=9013)",(),LISTEN,71392
-1,AddressFamily.AF_INET,SocketKind.SOCK_STREAM,"addr(ip='127.0.0.1', port=56627)","addr(ip='127.0.0.1', port=56628)",ESTABLISHED,39284
-1,AddressFamily.AF_INET,SocketKind.SOCK_DGRAM,"addr(ip='169.254.75.101', port=137)",(),NONE,4
-1,AddressFamily.AF_INET6,SocketKind.SOCK_DGRAM,"addr(ip='fe80::c364:78b7:16cc:cbb8', port=2177)",(),NONE,13816
-1,AddressFamily.AF_INET,SocketKind.SOCK_DGRAM,"addr(ip='172.25.144.1', port=64395)",(),NONE,10688
-1,AddressFamily.AF_INET,SocketKind.SOCK_STREAM,"addr(ip='0.0.0.0', port=102)",(),LISTEN,6924
-1,AddressFamily.AF_INET,SocketKind.SOCK_STREAM,"addr(ip='0.0.0.0', port=5432)",(),LISTEN,11300
-1,AddressFamily.AF_INET,SocketKind.SOCK_STREAM,"addr(ip='127.0.0.1', port=5354)",(),LISTEN,6108
-1,AddressFamily.AF_INET,SocketKind.SOCK_STREAM,"addr(ip='0.0.0.0', port=1043)",(),LISTEN,50452
-1,AddressFamily.AF_INET,SocketKind.SOCK_STREAM,"addr(ip='127.0.0.1', port=2015)",(),LISTEN,51892
-1,AddressFamily.AF_INET,SocketKind.SOCK_STREAM,"addr(ip='0.0.0.0', port=4840)",(),LISTEN,7344
-1,AddressFamily.AF_INET6,SocketKind.SOCK_STREAM,"addr(ip='::', port=3307)",(),LISTEN,32848
-1,AddressFamily.AF_INET,SocketKind.SOCK_STREAM,"addr(ip='127.0.0.1', port=9002)",(),LISTEN,21932
-1,AddressFamily.AF_INET6,SocketKind.SOCK_DGRAM,"addr(ip='::', port=62864)",(),NONE,6108
-1,AddressFamily.AF_INET6,SocketKind.SOCK_STREAM,"addr(ip='::', port=1042)",(),LISTEN,50452
-1,AddressFamily.AF_INET6,SocketKind.SOCK_DGRAM,"addr(ip='fe80::c84c:6a13:aa82:9d19', port=2177)",(),NONE,13816
-1,AddressFamily.AF_INET,SocketKind.SOCK_STREAM,"addr(ip='127.0.0.1', port=55492)","addr(ip='127.0.0.1', port=1042)",ESTABLISHED,30172
-1,AddressFamily.AF_INET,SocketKind.SOCK_STREAM,"addr(ip='10.72.128.10', port=58921)","addr(ip='104.18.3.161', port=443)",ESTABLISHED,51244
-1,AddressFamily.AF_INET,SocketKind.SOCK_STREAM,"addr(ip='10.72.128.10', port=58998)","addr(ip='142.250.75.227', port=443)",ESTABLISHED,51244
-1,AddressFamily.AF_INET,SocketKind.SOCK_STREAM,"addr(ip='127.0.0.1', port=64120)",(),LISTEN,55844
-1,AddressFamily.AF_INET,SocketKind.SOCK_STREAM,"addr(ip='0.0.0.0', port=25734)",(),LISTEN,8824
-1,AddressFamily.AF_INET6,SocketKind.SOCK_STREAM,"addr(ip='::1', port=49720)",(),LISTEN,7148
-1,AddressFamily.AF_INET,SocketKind.SOCK_DGRAM,"addr(ip='169.254.75.101', port=138)",(),NONE,4
-1,AddressFamily.AF_INET,SocketKind.SOCK_DGRAM,"addr(ip='169.254.75.101', port=5353)",(),NONE,6108
-1,AddressFamily.AF_INET6,SocketKind.SOCK_DGRAM,"addr(ip='fe80::c364:78b7:16cc:cbb8', port=1900)",(),NONE,10688
-1,AddressFamily.AF_INET6,SocketKind.SOCK_DGRAM,"addr(ip='fe80::c84c:6a13:aa82:9d19', port=1900)",(),NONE,10688
-1,AddressFamily.AF_INET,SocketKind.SOCK_DGRAM,"addr(ip='0.0.0.0', port=5355)",(),NONE,2424
-1,AddressFamily.AF_INET,SocketKind.SOCK_STREAM,"addr(ip='127.0.0.1', port=56630)","addr(ip='127.0.0.1', port=56629)",ESTABLISHED,39284
-1,AddressFamily.AF_INET,SocketKind.SOCK_STREAM,"addr(ip='10.72.128.10', port=58097)","addr(ip='20.199.120.182', port=443)",ESTABLISHED,19264
-1,AddressFamily.AF_INET,SocketKind.SOCK_DGRAM,"addr(ip='192.168.189.1', port=1900)",(),NONE,10688
-1,AddressFamily.AF_INET,SocketKind.SOCK_DGRAM,"addr(ip='0.0.0.0', port=5353)",(),NONE,58832
-1,AddressFamily.AF_INET,SocketKind.SOCK_DGRAM,"addr(ip='127.0.0.1', port=10120)",(),NONE,4156
-1,AddressFamily.AF_INET,SocketKind.SOCK_DGRAM,"addr(ip='127.0.0.1', port=62862)",(),NONE,5052
-1,AddressFamily.AF_INET,SocketKind.SOCK_STREAM,"addr(ip='127.0.0.1', port=55486)","addr(ip='127.0.0.1', port=58123)",ESTABLISHED,4156
-1,AddressFamily.AF_INET,SocketKind.SOCK_DGRAM,"addr(ip='10.72.128.10', port=5353)",(),NONE,19520
-1,AddressFamily.AF_INET,SocketKind.SOCK_DGRAM,"addr(ip='0.0.0.0', port=62863)",(),NONE,6108
-1,AddressFamily.AF_INET,SocketKind.SOCK_STREAM,"addr(ip='0.0.0.0', port=2103)",(),LISTEN,6620
-1,AddressFamily.AF_INET,SocketKind.SOCK_STREAM,"addr(ip='127.0.0.1', port=56629)","addr(ip='127.0.0.1', port=56630)",ESTABLISHED,39284
-1,AddressFamily.AF_INET,SocketKind.SOCK_STREAM,"addr(ip='10.72.128.10', port=58813)","addr(ip='34.123.33.186', port=443)",ESTABLISHED,50372
-1,AddressFamily.AF_INET6,SocketKind.SOCK_STREAM,"addr(ip='::', port=2105)",(),LISTEN,6620
-1,AddressFamily.AF_INET6,SocketKind.SOCK_STREAM,"addr(ip='::', port=9013)",(),LISTEN,71392
-1,AddressFamily.AF_INET,SocketKind.SOCK_DGRAM,"addr(ip='192.168.189.1', port=5353)",(),NONE,6692
-1,AddressFamily.AF_INET,SocketKind.SOCK_STREAM,"addr(ip='192.168.199.1', port=139)",(),LISTEN,4
-1,AddressFamily.AF_INET,SocketKind.SOCK_STREAM,"addr(ip='0.0.0.0', port=902)",(),LISTEN,6748
-1,AddressFamily.AF_INET,SocketKind.SOCK_STREAM,"addr(ip='10.72.128.10', port=58654)","addr(ip='35.174.127.31', port=443)",ESTABLISHED,51244
-1,AddressFamily.AF_INET,SocketKind.SOCK_STREAM,"addr(ip='127.0.0.1', port=49674)","addr(ip='127.0.0.1', port=55641)",ESTABLISHED,19520
-1,AddressFamily.AF_INET6,SocketKind.SOCK_STREAM,"addr(ip='::1', port=1883)",(),LISTEN,7016
-1,AddressFamily.AF_INET,SocketKind.SOCK_DGRAM,"addr(ip='127.0.0.1', port=64394)",(),NONE,10688
-1,AddressFamily.AF_INET6,SocketKind.SOCK_DGRAM,"addr(ip='fe80::d181:f307:cb71:bf47', port=2177)",(),NONE,13816
-1,AddressFamily.AF_INET,SocketKind.SOCK_STREAM,"addr(ip='0.0.0.0', port=80)",(),LISTEN,33376
-1,AddressFamily.AF_INET,SocketKind.SOCK_STREAM,"addr(ip='0.0.0.0', port=9099)",(),LISTEN,9424
-1,AddressFamily.AF_INET,SocketKind.SOCK_DGRAM,"addr(ip='192.168.199.1', port=138)",(),NONE,4
-1,AddressFamily.AF_INET6,SocketKind.SOCK_DGRAM,"addr(ip='::', port=49276)",(),NONE,3488
-1,AddressFamily.AF_INET6,SocketKind.SOCK_DGRAM,"addr(ip='::', port=3702)",(),NONE,11268
-1,AddressFamily.AF_INET,SocketKind.SOCK_STREAM,"addr(ip='127.0.0.1', port=56783)","addr(ip='127.0.0.1', port=56784)",ESTABLISHED,21932
-1,AddressFamily.AF_INET,SocketKind.SOCK_STREAM,"addr(ip='10.72.128.10', port=57947)","addr(ip='34.123.33.186', port=443)",ESTABLISHED,36220
-1,AddressFamily.AF_INET,SocketKind.SOCK_STREAM,"addr(ip='0.0.0.0', port=9012)",(),LISTEN,71392
-1,AddressFamily.AF_INET,SocketKind.SOCK_DGRAM,"addr(ip='127.0.0.1', port=63130)",(),NONE,1496
-1,AddressFamily.AF_INET6,SocketKind.SOCK_DGRAM,"addr(ip='::', port=1434)",(),NONE,7040
-1,AddressFamily.AF_INET,SocketKind.SOCK_STREAM,"addr(ip='127.0.0.1', port=58115)","addr(ip='127.0.0.1', port=58116)",ESTABLISHED,40860
-1,AddressFamily.AF_INET,SocketKind.SOCK_STREAM,"addr(ip='127.0.0.1', port=20010)",(),LISTEN,8672
-1,AddressFamily.AF_INET6,SocketKind.SOCK_STREAM,"addr(ip='fe80::c364:78b7:16cc:cbb8', port=2031)",(),LISTEN,7440
-1,AddressFamily.AF_INET,SocketKind.SOCK_STREAM,"addr(ip='10.72.128.10', port=57961)","addr(ip='34.123.33.186', port=443)",ESTABLISHED,50372
-1,AddressFamily.AF_INET,SocketKind.SOCK_STREAM,"addr(ip='127.0.0.1', port=58123)","addr(ip='127.0.0.1', port=55486)",ESTABLISHED,14396
-1,AddressFamily.AF_INET,SocketKind.SOCK_STREAM,"addr(ip='127.0.0.1', port=56792)","addr(ip='127.0.0.1', port=56793)",ESTABLISHED,21932
-1,AddressFamily.AF_INET,SocketKind.SOCK_DGRAM,"addr(ip='192.168.199.1', port=137)",(),NONE,4
-1,AddressFamily.AF_INET,SocketKind.SOCK_DGRAM,"addr(ip='10.72.128.10', port=1900)",(),NONE,10688
-1,AddressFamily.AF_INET6,SocketKind.SOCK_DGRAM,"addr(ip='fe80::d181:f307:cb71:bf47', port=1900)",(),NONE,10688
-1,AddressFamily.AF_INET6,SocketKind.SOCK_STREAM,"addr(ip='::', port=135)",(),LISTEN,1480
-1,AddressFamily.AF_INET6,SocketKind.SOCK_DGRAM,"addr(ip='::1', port=64388)",(),NONE,10688
-1,AddressFamily.AF_INET6,SocketKind.SOCK_STREAM,"addr(ip='::', port=49666)",(),LISTEN,1816
-1,AddressFamily.AF_INET6,SocketKind.SOCK_DGRAM,"addr(ip='::', port=63962)",(),NONE,6692
-1,AddressFamily.AF_INET,SocketKind.SOCK_STREAM,"addr(ip='127.0.0.1', port=55485)","addr(ip='127.0.0.1', port=1043)",ESTABLISHED,71392
